PO Number,Supplier,Department,Category,PO Amount ($),PO Date,Amount Spent ($)
PO-0001,Supplier A,Clinical,Office Supplies,70940,2027-04-05,62165.82
PO-0002,Supplier B,Quality,Equipment,77385,2025-12-12,66520.0
PO-0003,Supplier C,IT,Hardware,23197,2026-09-06,19964.0
PO-0004,Supplier D,R&D,Lab Supplies,143774,2026-12-01,137717.6
PO-0005,Supplier E,IT,Hardware,5995,2026-10-10,5124.09
PO-0006,Supplier F,IT,Office Supplies,64812,2025-06-15,55386.16
PO-0007,Supplier G,Finance,Office Supplies,6245,2025-11-19,4862.7
PO-0008,Supplier H,Facilities,Reagents,136538,2027-06-15,90917.02
PO-0009,Supplier I,Finance,Lab Supplies,16475,2026-03-20,9982.5
PO-0010,Supplier J,R&D,Office Supplies,9784,2026-08-31,5945.54
PO-0011,Supplier K,Facilities,Lab Supplies,72287,2027-01-15,56049.14
PO-0012,Supplier L,IT,Hardware,116521,2025-10-26,104290.67
PO-0013,Supplier M,Facilities,Consulting,119969,2027-05-02,102497.55
PO-0014,Supplier N,IT,Consulting,90264,2026-10-03,83514.82
PO-0015,Supplier O,Manufacturing,Reagents,78425,2025-08-08,49415.1
PO-0016,Supplier P,Clinical,Reagents,22247,2026-09-18,17874.0
PO-0017,Supplier Q,Clinical,Reagents,74213,2027-01-28,65824.12
PO-0018,Supplier R,IT,Lab Supplies,121567,2027-02-25,109739.23
PO-0019,Supplier S,Clinical,Lab Supplies,125209,2025-04-21,77685.14
PO-0020,Supplier T,Finance,Equipment,54731,2026-09-28,46309.17
PO-0021,Supplier U,Finance,Consulting,29583,2026-11-26,21032.66
PO-0022,Supplier V,Clinical,Software,39711,2027-07-02,27758.64
PO-0023,Supplier W,Facilities,Lab Supplies,34376,2027-03-23,23146.31
PO-0024,Supplier X,IT,Consulting,47478,2026-08-12,40050.01
PO-0025,Supplier Y,Finance,Equipment,115018,2026-11-11,71936.68
PO-0026,Supplier Z,Quality,Lab Supplies,134030,2025-08-27,113690.8
PO-0027,Supplier A,Finance,Hardware,105116,2025-11-15,65072.0
PO-0028,Supplier B,Finance,Hardware,126829,2027-03-17,100139.52
PO-0029,Supplier C,Clinical,Consulting,32938,2025-06-05,21386.72
PO-0030,Supplier D,Clinical,Office Supplies,82325,2026-02-14,60778.51
PO-0031,Supplier E,Facilities,Lab Supplies,82058,2025-02-19,61503.57
PO-0032,Supplier F,Finance,Equipment,129108,2025-09-13,100220.38
PO-0033,Supplier G,Finance,Equipment,43847,2026-12-24,37298.44
PO-0034,Supplier H,R&D,Equipment,126175,2025-01-20,95711.72
PO-0035,Supplier I,Finance,Hardware,61922,2025-12-20,57159.95
PO-0036,Supplier J,Quality,Equipment,149591,2026-06-30,141948.65
PO-0037,Supplier K,Clinical,Office Supplies,41311,2025-08-07,30568.94
PO-0038,Supplier L,Quality,Hardware,23074,2027-09-13,20673.23
PO-0039,Supplier M,R&D,Software,96450,2025-08-21,92075.5
PO-0040,Supplier N,IT,Consulting,74313,2027-01-05,56030.61
PO-0041,Supplier O,Quality,Software,41943,2027-09-09,30837.8
PO-0042,Supplier P,Facilities,Equipment,46672,2025-09-07,30774.23
PO-0043,Supplier Q,R&D,Office Supplies,101576,2025-02-15,71396.11
PO-0044,Supplier R,Facilities,Hardware,145363,2027-06-16,114654.83
PO-0045,Supplier S,Facilities,Hardware,27454,2026-05-15,23434.44
PO-0046,Supplier T,Quality,Hardware,92871,2025-11-03,72607.79
PO-0047,Supplier U,Clinical,Consulting,57968,2025-02-23,36553.36
PO-0048,Supplier V,Quality,Office Supplies,75865,2026-02-02,72661.91
PO-0049,Supplier W,IT,Office Supplies,55934,2027-07-15,34859.04
PO-0050,Supplier X,IT,Software,65665,2026-10-22,49191.9
PO-0051,Supplier Y,R&D,Lab Supplies,97553,2026-12-07,79996.66
PO-0052,Supplier Z,Quality,Reagents,90358,2026-01-10,76250.4
PO-0053,Supplier A,Manufacturing,Lab Supplies,91060,2025-05-20,60660.2
PO-0054,Supplier B,Finance,Software,67984,2027-08-25,52561.71
PO-0055,Supplier C,Finance,Reagents,126344,2026-05-23,126282.61
PO-0056,Supplier D,R&D,Reagents,130148,2027-01-14,98585.04
PO-0057,Supplier E,Finance,Lab Supplies,35885,2025-09-14,21729.36
PO-0058,Supplier F,R&D,Software,95439,2026-01-08,74586.76
PO-0059,Supplier G,Quality,Reagents,41552,2025-12-14,29638.94
PO-0060,Supplier H,Manufacturing,Hardware,141952,2025-06-29,122846.46
PO-0061,Supplier I,IT,Reagents,88249,2026-03-21,74927.1
PO-0062,Supplier J,Quality,Office Supplies,38893,2025-12-19,38806.3
PO-0063,Supplier K,Finance,Lab Supplies,32535,2025-08-22,27171.4
PO-0064,Supplier L,Manufacturing,Equipment,26228,2026-04-13,20316.71
PO-0065,Supplier M,Finance,Lab Supplies,69318,2026-03-31,49156.3
PO-0066,Supplier N,Manufacturing,Office Supplies,11677,2026-11-09,7470.22
PO-0067,Supplier O,Quality,Software,123838,2025-04-25,112088.26
PO-0068,Supplier P,Finance,Equipment,65814,2026-05-06,57981.7
PO-0069,Supplier Q,Facilities,Software,60034,2026-06-14,52620.21
PO-0070,Supplier R,Quality,Lab Supplies,5107,2025-03-04,4521.14
PO-0071,Supplier S,Quality,Software,113918,2027-02-20,80285.29
PO-0072,Supplier T,R&D,Office Supplies,94780,2027-05-30,75045.11
PO-0073,Supplier U,R&D,Hardware,110836,2025-01-26,93101.41
PO-0074,Supplier V,IT,Equipment,81682,2026-03-04,65581.93
PO-0075,Supplier W,Finance,Equipment,35637,2025-08-23,26573.61
PO-0076,Supplier X,Quality,Lab Supplies,61744,2025-04-10,47324.3
PO-0077,Supplier Y,IT,Software,147503,2027-06-21,137185.77
PO-0078,Supplier Z,Quality,Hardware,30135,2027-09-27,22768.03
PO-0079,Supplier A,R&D,Consulting,144844,2026-08-23,109196.48
PO-0080,Supplier B,Quality,Office Supplies,95455,2025-09-18,58602.93
PO-0081,Supplier C,Facilities,Reagents,35625,2027-01-29,28412.94
PO-0082,Supplier D,Finance,Hardware,82035,2026-02-18,71181.72
PO-0083,Supplier E,R&D,Equipment,13840,2026-02-04,13049.14
PO-0084,Supplier F,Manufacturing,Reagents,67144,2026-06-02,42802.12
PO-0085,Supplier G,Quality,Lab Supplies,110221,2025-10-07,86717.62
PO-0086,Supplier H,R&D,Consulting,70003,2026-10-08,43070.38
PO-0087,Supplier I,R&D,Office Supplies,113146,2025-04-12,84097.96
PO-0088,Supplier J,R&D,Software,97974,2025-07-25,70709.06
PO-0089,Supplier K,IT,Hardware,117713,2025-12-25,99198.14
PO-0090,Supplier L,Clinical,Equipment,102229,2025-11-24,99227.36
PO-0091,Supplier M,Finance,Office Supplies,30460,2025-12-04,26903.59
PO-0092,Supplier N,Facilities,Reagents,100106,2027-08-31,82080.9
PO-0093,Supplier O,IT,Software,55377,2025-11-09,50847.2
PO-0094,Supplier P,IT,Lab Supplies,63143,2026-05-04,37942.97
PO-0095,Supplier Q,R&D,Software,72291,2026-10-28,58457.19
PO-0096,Supplier R,Facilities,Lab Supplies,65429,2025-10-29,62669.2
PO-0097,Supplier S,Finance,Software,103739,2025-03-14,97145.35
PO-0098,Supplier T,Clinical,Office Supplies,116686,2026-07-04,93065.19
PO-0099,Supplier U,R&D,Software,72375,2027-01-02,65370.21
PO-0100,Supplier V,Clinical,Consulting,127358,2026-10-13,118525.57
PO-0101,Supplier W,Clinical,Equipment,77843,2025-12-05,54432.06
PO-0102,Supplier X,R&D,Hardware,111856,2027-01-30,91555.46
PO-0103,Supplier Y,Manufacturing,Software,33968,2026-06-11,24058.26
PO-0104,Supplier Z,Quality,Reagents,85603,2026-04-01,76673.18
PO-0105,Supplier A,R&D,Reagents,86289,2027-02-12,64269.19
PO-0106,Supplier B,Clinical,Reagents,34287,2027-05-08,21960.69
PO-0107,Supplier C,IT,Software,142282,2026-01-28,104286.87
PO-0108,Supplier D,Clinical,Consulting,120917,2026-12-28,101476.74
PO-0109,Supplier E,Quality,Software,132271,2025-12-30,127365.46
PO-0110,Supplier F,R&D,Consulting,101730,2027-08-18,81814.66
PO-0111,Supplier G,Finance,Consulting,101436,2025-10-12,72722.96
PO-0112,Supplier H,Quality,Reagents,109056,2027-08-28,81845.51
PO-0113,Supplier I,Quality,Reagents,74088,2027-02-08,64095.29
PO-0114,Supplier J,Quality,Hardware,149079,2026-07-27,119087.42
PO-0115,Supplier K,Quality,Equipment,77373,2027-08-27,64009.54
PO-0116,Supplier L,Facilities,Equipment,94967,2027-05-12,73695.75
PO-0117,Supplier M,R&D,Consulting,121378,2026-03-17,91968.39
PO-0118,Supplier N,Finance,Reagents,147463,2025-07-22,136742.98
PO-0119,Supplier O,IT,Hardware,69280,2027-07-18,66260.55
PO-0120,Supplier P,IT,Lab Supplies,14125,2027-09-06,10388.74
PO-0121,Supplier Q,R&D,Equipment,52957,2027-08-30,39386.71
PO-0122,Supplier R,IT,Lab Supplies,65806,2026-09-25,55721.59
PO-0123,Supplier S,R&D,Software,65528,2025-08-20,45414.11
PO-0124,Supplier T,Facilities,Hardware,117841,2026-02-22,75823.17
PO-0125,Supplier U,Manufacturing,Software,50124,2025-10-30,46142.92
PO-0126,Supplier V,R&D,Consulting,82280,2026-02-21,52309.28
PO-0127,Supplier W,Finance,Equipment,89184,2026-07-18,61802.71
PO-0128,Supplier X,R&D,Equipment,90762,2026-03-07,89021.42
PO-0129,Supplier Y,Finance,Lab Supplies,82620,2026-09-03,57699.15
PO-0130,Supplier Z,Quality,Lab Supplies,59853,2025-02-16,58722.83
PO-0131,Supplier A,Quality,Lab Supplies,32337,2026-12-27,19937.05
PO-0132,Supplier B,Quality,Consulting,96949,2026-03-18,82594.45
PO-0133,Supplier C,R&D,Equipment,56152,2026-03-28,37207.36
PO-0134,Supplier D,IT,Consulting,24695,2025-03-16,22815.59
PO-0135,Supplier E,Manufacturing,Equipment,121170,2025-04-27,102416.9
PO-0136,Supplier F,Manufacturing,Software,129819,2025-09-02,100414.39
PO-0137,Supplier G,Clinical,Lab Supplies,98181,2025-01-22,59707.95
PO-0138,Supplier H,Finance,Equipment,123325,2025-02-17,110548.96
PO-0139,Supplier I,IT,Hardware,77834,2026-11-22,66823.58
PO-0140,Supplier J,Finance,Office Supplies,102832,2027-08-29,95722.91
PO-0141,Supplier K,Manufacturing,Software,69885,2026-01-06,53904.79
PO-0142,Supplier L,Clinical,Office Supplies,63455,2025-11-29,55671.17
PO-0143,Supplier M,Manufacturing,Lab Supplies,44710,2027-03-21,30907.89
PO-0144,Supplier N,IT,Software,138095,2026-05-30,137573.87
PO-0145,Supplier O,Clinical,Hardware,149604,2025-03-07,109773.56
PO-0146,Supplier P,Facilities,Reagents,77736,2026-11-28,62769.06
PO-0147,Supplier Q,Clinical,Hardware,111547,2026-04-20,77853.57
PO-0148,Supplier R,Finance,Consulting,128926,2027-03-29,84700.06
PO-0149,Supplier S,Manufacturing,Consulting,42972,2027-05-20,38991.17
PO-0150,Supplier T,Quality,Office Supplies,97001,2027-05-27,67068.26
PO-0151,Supplier U,Finance,Software,38843,2026-05-27,26055.89
PO-0152,Supplier V,Facilities,Software,83664,2027-01-31,74409.19
PO-0153,Supplier W,R&D,Lab Supplies,64652,2027-02-27,44880.17
PO-0154,Supplier X,R&D,Software,140436,2026-02-19,126150.86
PO-0155,Supplier Y,Clinical,Consulting,125383,2025-11-28,119078.91
PO-0156,Supplier Z,Facilities,Software,87263,2026-11-18,60913.98
PO-0157,Supplier A,Facilities,Lab Supplies,34725,2025-09-20,32190.75
PO-0158,Supplier B,R&D,Lab Supplies,131597,2025-01-16,114123.79
PO-0159,Supplier C,Facilities,Hardware,34600,2025-01-10,34155.46
PO-0160,Supplier D,Quality,Lab Supplies,135035,2027-06-14,89473.38
PO-0161,Supplier E,R&D,Office Supplies,107292,2026-08-20,67232.74
PO-0162,Supplier F,Finance,Reagents,51712,2026-09-22,39584.59
PO-0163,Supplier G,Quality,Office Supplies,106219,2027-08-02,68749.59
PO-0164,Supplier H,IT,Equipment,59942,2025-05-07,49805.3
PO-0165,Supplier I,Clinical,Office Supplies,71154,2027-06-05,49249.69
PO-0166,Supplier J,Clinical,Hardware,46069,2026-05-05,34423.83
PO-0167,Supplier K,Facilities,Software,65328,2025-08-03,60741.04
PO-0168,Supplier L,Clinical,Reagents,118486,2026-02-12,89788.86
PO-0169,Supplier M,IT,Reagents,6197,2025-06-06,4819.59
PO-0170,Supplier N,Finance,Reagents,54322,2025-11-14,52999.1
PO-0171,Supplier O,Facilities,Equipment,93691,2026-09-30,70061.47
PO-0172,Supplier P,Manufacturing,Lab Supplies,116437,2025-06-30,109921.39
PO-0173,Supplier Q,Manufacturing,Hardware,45417,2027-08-21,37517.51
PO-0174,Supplier R,Quality,Reagents,14272,2025-10-08,9500.98
PO-0175,Supplier S,Finance,Equipment,75551,2027-04-12,69077.71
PO-0176,Supplier T,Finance,Lab Supplies,119434,2025-03-08,99356.43
PO-0177,Supplier U,Quality,Software,121264,2027-09-16,103249.04
PO-0178,Supplier V,Clinical,Hardware,27717,2025-11-22,20289.57
PO-0179,Supplier W,Finance,Equipment,100905,2025-07-06,69086.89
PO-0180,Supplier X,IT,Software,101308,2027-09-11,88075.55
PO-0181,Supplier Y,Quality,Equipment,8501,2026-12-15,8485.33
PO-0182,Supplier Z,Manufacturing,Equipment,40160,2027-02-18,40132.39
PO-0183,Supplier A,Clinical,Reagents,143021,2026-12-08,100849.01
PO-0184,Supplier B,IT,Office Supplies,106338,2026-11-07,77443.98
PO-0185,Supplier C,Quality,Lab Supplies,7269,2026-07-23,7017.83
PO-0186,Supplier D,IT,Consulting,33733,2027-02-04,33466.43
PO-0187,Supplier E,Finance,Hardware,65601,2026-11-15,57004.1
PO-0188,Supplier F,Manufacturing,Hardware,124055,2025-07-09,86284.14
PO-0189,Supplier G,Manufacturing,Software,38085,2027-01-22,33012.69
PO-0190,Supplier H,Manufacturing,Consulting,16977,2026-09-17,12710.24
PO-0191,Supplier I,Manufacturing,Lab Supplies,57561,2026-01-13,54221.32
PO-0192,Supplier J,Quality,Lab Supplies,110112,2025-04-28,75486.02
PO-0193,Supplier K,IT,Equipment,90104,2026-01-25,65375.79
PO-0194,Supplier L,IT,Lab Supplies,33537,2026-08-27,28659.36
PO-0195,Supplier M,Clinical,Software,57359,2025-06-16,43101.91
PO-0196,Supplier N,Facilities,Consulting,53162,2026-02-20,43247.91
PO-0197,Supplier O,IT,Consulting,133118,2025-10-20,113646.27
PO-0198,Supplier P,Finance,Office Supplies,19647,2025-02-11,19132.25
PO-0199,Supplier Q,Finance,Reagents,48927,2025-03-26,42730.62
PO-0200,Supplier R,Finance,Software,5183,2025-04-23,4795.18
PO-0201,Supplier S,R&D,Lab Supplies,43769,2025-08-09,35589.02
PO-0202,Supplier T,Facilities,Equipment,55075,2026-07-21,50976.43
PO-0203,Supplier U,Manufacturing,Reagents,131910,2025-06-11,94443.11
PO-0204,Supplier V,Finance,Equipment,134400,2026-10-01,86814.61
PO-0205,Supplier W,Finance,Software,69591,2026-08-06,51966.97
PO-0206,Supplier X,Manufacturing,Consulting,34803,2026-08-29,25652.99
PO-0207,Supplier Y,Facilities,Equipment,43772,2026-04-17,37387.46
PO-0208,Supplier Z,Quality,Equipment,13192,2026-04-29,10666.14
PO-0209,Supplier A,Clinical,Consulting,37581,2025-07-04,30407.74
PO-0210,Supplier B,Quality,Office Supplies,126037,2026-10-05,102585.27
PO-0211,Supplier C,Manufacturing,Office Supplies,104836,2026-03-19,81470.78
PO-0212,Supplier D,Manufacturing,Equipment,74918,2025-07-07,65166.66
PO-0213,Supplier E,R&D,Office Supplies,27502,2026-06-18,27369.05
PO-0214,Supplier F,Clinical,Software,15715,2027-01-24,14902.86
PO-0215,Supplier G,R&D,Software,137770,2025-10-03,109283.62
PO-0216,Supplier H,Quality,Consulting,102497,2025-07-15,80757.35
PO-0217,Supplier I,Facilities,Office Supplies,8491,2026-04-22,6377.36
PO-0218,Supplier J,Finance,Hardware,42520,2026-01-23,35013.48
PO-0219,Supplier K,IT,Reagents,111379,2025-02-24,110207.35
PO-0220,Supplier L,Clinical,Equipment,31411,2026-10-31,19477.09
PO-0221,Supplier M,IT,Equipment,58074,2027-06-03,35904.54
PO-0222,Supplier N,Finance,Consulting,33231,2027-04-03,25112.45
PO-0223,Supplier O,Facilities,Reagents,133628,2025-04-05,126537.15
PO-0224,Supplier P,Clinical,Consulting,25432,2026-07-14,18495.93
PO-0225,Supplier Q,R&D,Office Supplies,110696,2025-10-28,98760.52
PO-0226,Supplier R,IT,Reagents,60928,2025-04-22,52357.63
PO-0227,Supplier S,IT,Reagents,89104,2027-03-12,81878.29
PO-0228,Supplier T,Quality,Consulting,76345,2025-01-24,70049.09
PO-0229,Supplier U,IT,Lab Supplies,54566,2025-01-13,46215.92
PO-0230,Supplier V,Clinical,Equipment,47492,2025-05-18,46518.52
PO-0231,Supplier W,Quality,Office Supplies,20394,2025-08-10,13913.09
PO-0232,Supplier X,Facilities,Reagents,100380,2026-06-25,66342.48
PO-0233,Supplier Y,IT,Lab Supplies,143884,2025-06-24,124387.97
PO-0234,Supplier Z,IT,Office Supplies,94733,2027-01-18,91789.71
PO-0235,Supplier A,Clinical,Lab Supplies,39601,2026-10-09,28355.23
PO-0236,Supplier B,Clinical,Lab Supplies,44101,2027-04-07,32020.67
PO-0237,Supplier C,Finance,Hardware,109188,2027-08-10,73782.03
PO-0238,Supplier D,Facilities,Reagents,44908,2025-01-09,38406.72
PO-0239,Supplier E,Clinical,Lab Supplies,97563,2027-08-13,63088.04
PO-0240,Supplier F,Facilities,Consulting,33803,2026-03-13,21009.65
PO-0241,Supplier G,Finance,Equipment,108380,2027-02-11,82955.42
PO-0242,Supplier H,Clinical,Hardware,124273,2025-05-05,112431.18
PO-0243,Supplier I,Manufacturing,Equipment,33676,2027-01-04,33046.21
PO-0244,Supplier J,Clinical,Reagents,46620,2026-08-17,46293.25
PO-0245,Supplier K,IT,Hardware,144495,2026-05-21,108900.71
PO-0246,Supplier L,IT,Office Supplies,102002,2027-08-11,86760.5
PO-0247,Supplier M,Facilities,Software,136664,2027-06-18,113759.49
PO-0248,Supplier N,Facilities,Hardware,54057,2025-04-20,51287.66
PO-0249,Supplier O,Facilities,Consulting,91839,2026-08-01,82845.38
PO-0250,Supplier P,Finance,Hardware,14322,2026-11-13,12883.65
PO-0251,Supplier Q,IT,Office Supplies,50359,2025-06-13,41621.28
PO-0252,Supplier R,R&D,Office Supplies,119599,2027-02-13,83441.63
PO-0253,Supplier S,IT,Hardware,99969,2026-09-08,77136.02
PO-0254,Supplier T,Facilities,Hardware,54292,2027-03-31,43192.33
PO-0255,Supplier U,Finance,Equipment,27343,2025-06-27,22598.28
PO-0256,Supplier V,R&D,Reagents,34767,2026-02-16,33563.46
PO-0257,Supplier W,Clinical,Hardware,98612,2027-09-24,77237.84
PO-0258,Supplier X,IT,Office Supplies,145546,2027-07-11,119068.73
PO-0259,Supplier Y,Clinical,Equipment,101650,2026-08-09,98818.11
PO-0260,Supplier Z,Finance,Software,45649,2027-04-18,41267.29
PO-0261,Supplier A,Finance,Reagents,95747,2025-06-14,86122.77
PO-0262,Supplier B,Quality,Hardware,53332,2027-08-26,34528.7
PO-0263,Supplier C,Clinical,Consulting,6496,2025-05-21,4217.77
PO-0264,Supplier D,R&D,Equipment,69601,2025-01-06,56879.34
PO-0265,Supplier E,Facilities,Hardware,147223,2025-06-07,132934.4
PO-0266,Supplier F,Clinical,Lab Supplies,141280,2026-11-03,140987.55
PO-0267,Supplier G,Finance,Software,85124,2025-07-02,60212.39
PO-0268,Supplier H,R&D,Reagents,99077,2027-05-19,82923.41
PO-0269,Supplier I,Quality,Hardware,128656,2025-12-21,123313.63
PO-0270,Supplier J,Facilities,Software,32127,2026-07-15,22604.56
PO-0271,Supplier K,Finance,Software,45616,2027-07-10,37178.85
PO-0272,Supplier L,Quality,Software,84192,2027-05-13,72360.36
PO-0273,Supplier M,Facilities,Equipment,72810,2026-11-27,51573.77
PO-0274,Supplier N,Manufacturing,Office Supplies,110560,2025-05-22,109515.79
PO-0275,Supplier O,Quality,Equipment,115378,2026-01-01,98709.71
PO-0276,Supplier P,Quality,Consulting,101971,2026-01-03,72532.7
PO-0277,Supplier Q,Facilities,Software,50455,2027-09-18,35811.85
PO-0278,Supplier R,Finance,Reagents,69007,2027-01-17,66313.93
PO-0279,Supplier S,Manufacturing,Lab Supplies,33145,2027-05-04,21860.81
PO-0280,Supplier T,Manufacturing,Reagents,28522,2027-02-26,21696.26
PO-0281,Supplier U,Manufacturing,Reagents,64848,2027-03-18,48469.46
PO-0282,Supplier V,Quality,Reagents,70732,2026-09-23,67791.88
PO-0283,Supplier W,R&D,Software,58893,2025-04-14,40245.87
PO-0284,Supplier X,Facilities,Reagents,21937,2027-02-07,21851.68
PO-0285,Supplier Y,Facilities,Consulting,40320,2026-05-03,32322.77
PO-0286,Supplier Z,Finance,Equipment,7532,2026-01-14,6986.36
PO-0287,Supplier A,Finance,Lab Supplies,91447,2025-12-09,76818.09
PO-0288,Supplier B,Manufacturing,Office Supplies,42614,2026-04-16,33305.77
PO-0289,Supplier C,Clinical,Lab Supplies,75139,2027-04-08,61279.21
PO-0290,Supplier D,Manufacturing,Consulting,7589,2026-10-17,6007.16
PO-0291,Supplier E,Quality,Consulting,113067,2027-04-20,103787.61
PO-0292,Supplier F,Facilities,Office Supplies,16537,2025-05-08,15618.82
PO-0293,Supplier G,IT,Lab Supplies,108895,2027-07-07,73606.51
PO-0294,Supplier H,Manufacturing,Reagents,59048,2026-12-22,45854.56
PO-0295,Supplier I,IT,Lab Supplies,82514,2025-12-26,75016.64
PO-0296,Supplier J,IT,Equipment,6744,2025-05-06,6523.33
PO-0297,Supplier K,R&D,Reagents,77083,2026-12-18,60948.26
PO-0298,Supplier L,Finance,Lab Supplies,129603,2027-01-21,113709.13
PO-0299,Supplier M,IT,Equipment,145997,2027-06-10,133534.81
PO-0300,Supplier N,Quality,Hardware,146703,2027-02-05,116540.48
PO-0301,Supplier O,Finance,Software,11846,2025-08-18,9690.15
PO-0302,Supplier P,Finance,Office Supplies,62143,2025-03-17,40190.62
PO-0303,Supplier Q,Clinical,Reagents,63318,2027-05-16,63222.3
PO-0304,Supplier R,Manufacturing,Software,56222,2026-08-16,42948.53
PO-0305,Supplier S,Clinical,Reagents,7400,2026-04-14,5322.41
PO-0306,Supplier T,Quality,Equipment,135607,2026-05-12,120524.37
PO-0307,Supplier U,Finance,Software,72986,2026-05-02,62675.6
PO-0308,Supplier V,Quality,Lab Supplies,57004,2026-10-29,52693.46
PO-0309,Supplier W,R&D,Lab Supplies,29594,2025-03-27,19007.8
PO-0310,Supplier X,R&D,Software,137980,2026-11-10,137375.13
PO-0311,Supplier Y,Manufacturing,Consulting,149031,2026-03-30,90007.03
PO-0312,Supplier Z,R&D,Hardware,36985,2026-06-17,34128.18
PO-0313,Supplier A,R&D,Equipment,125823,2025-10-04,75884.89
PO-0314,Supplier B,Facilities,Software,51054,2027-07-17,49208.11
PO-0315,Supplier C,Finance,Reagents,44581,2025-09-12,38737.44
PO-0316,Supplier D,Manufacturing,Office Supplies,133369,2025-04-03,128828.0
PO-0317,Supplier E,Clinical,Lab Supplies,99616,2026-06-05,76706.0
PO-0318,Supplier F,Finance,Software,30991,2027-04-11,29293.71
PO-0319,Supplier G,Clinical,Reagents,128555,2027-08-05,85762.57
PO-0320,Supplier H,Clinical,Software,23397,2026-07-25,18589.25
PO-0321,Supplier I,IT,Hardware,85978,2025-10-27,82150.16
PO-0322,Supplier J,Manufacturing,Equipment,68090,2026-11-01,50878.31
PO-0323,Supplier K,Clinical,Lab Supplies,38896,2027-03-26,34370.0
PO-0324,Supplier L,Facilities,Lab Supplies,62786,2025-04-02,53607.62
PO-0325,Supplier M,Quality,Hardware,112422,2025-06-25,108598.73
PO-0326,Supplier N,Finance,Office Supplies,19314,2025-02-14,12629.06
PO-0327,Supplier O,Quality,Lab Supplies,59479,2027-09-14,42888.24
PO-0328,Supplier P,R&D,Software,47722,2027-07-05,29722.1
PO-0329,Supplier Q,R&D,Hardware,137958,2027-07-19,104305.81
PO-0330,Supplier R,Finance,Reagents,79406,2025-10-13,53178.52
PO-0331,Supplier S,Facilities,Office Supplies,74814,2025-06-23,72326.77
PO-0332,Supplier T,R&D,Lab Supplies,42841,2026-05-14,35098.66
PO-0333,Supplier U,Manufacturing,Consulting,24557,2026-06-09,22930.94
PO-0334,Supplier V,R&D,Reagents,11284,2027-03-30,7024.41
PO-0335,Supplier W,IT,Software,10251,2025-05-29,9075.11
PO-0336,Supplier X,Clinical,Lab Supplies,103702,2025-06-02,65486.27
PO-0337,Supplier Y,Finance,Equipment,92078,2026-11-16,72314.97
PO-0338,Supplier Z,Clinical,Consulting,30999,2027-06-26,22801.28
PO-0339,Supplier A,Finance,Equipment,128159,2027-05-15,127671.83
PO-0340,Supplier B,Quality,Reagents,121914,2027-04-27,91559.15
PO-0341,Supplier C,Quality,Consulting,57517,2026-07-01,48401.91
PO-0342,Supplier D,Manufacturing,Consulting,44228,2027-04-21,34834.76
PO-0343,Supplier E,Quality,Equipment,129115,2027-01-27,91563.12
PO-0344,Supplier F,Clinical,Equipment,36279,2026-09-09,23185.53
PO-0345,Supplier G,Facilities,Consulting,102543,2027-08-06,70569.46
PO-0346,Supplier H,Manufacturing,Lab Supplies,53541,2025-01-04,38620.19
PO-0347,Supplier I,Manufacturing,Lab Supplies,146469,2026-10-04,116209.28
PO-0348,Supplier J,IT,Hardware,67592,2026-05-19,44235.79
PO-0349,Supplier K,IT,Consulting,10499,2027-04-04,8549.13
PO-0350,Supplier L,Finance,Software,61636,2025-09-22,44612.26
PO-0351,Supplier M,R&D,Office Supplies,93460,2027-09-20,88301.02
PO-0352,Supplier N,Facilities,Lab Supplies,106379,2027-07-23,77750.48
PO-0353,Supplier O,IT,Software,113603,2027-04-06,92820.88
PO-0354,Supplier P,Manufacturing,Office Supplies,102906,2025-06-03,100537.64
PO-0355,Supplier Q,Facilities,Consulting,130007,2026-11-20,125012.73
PO-0356,Supplier R,Facilities,Reagents,45656,2026-12-20,36098.52
PO-0357,Supplier S,R&D,Consulting,12287,2025-05-02,10195.75
PO-0358,Supplier T,R&D,Lab Supplies,65920,2025-10-16,53942.18
PO-0359,Supplier U,Clinical,Hardware,142006,2026-09-24,124387.11
PO-0360,Supplier V,R&D,Consulting,33300,2025-04-01,21671.18
PO-0361,Supplier W,Clinical,Hardware,73629,2026-08-10,55238.25
PO-0362,Supplier X,IT,Reagents,30847,2025-08-02,21099.12
PO-0363,Supplier Y,Manufacturing,Reagents,7011,2026-06-28,6612.76
PO-0364,Supplier Z,Facilities,Reagents,129524,2026-02-27,82489.16
PO-0365,Supplier A,R&D,Hardware,89873,2025-01-23,73340.36
PO-0366,Supplier B,Manufacturing,Hardware,148794,2026-04-30,111008.04
PO-0367,Supplier C,R&D,Lab Supplies,126568,2027-01-03,100258.64
PO-0368,Supplier D,Quality,Office Supplies,100026,2026-04-15,78638.17
PO-0369,Supplier E,Clinical,Equipment,73283,2025-06-04,54213.31
PO-0370,Supplier F,Facilities,Reagents,68540,2025-10-14,52402.2
PO-0371,Supplier G,Manufacturing,Lab Supplies,108709,2027-01-01,66226.81
PO-0372,Supplier H,Finance,Hardware,30316,2025-04-07,19458.02
PO-0373,Supplier I,R&D,Equipment,11978,2027-05-24,11378.62
PO-0374,Supplier J,Facilities,Equipment,142041,2026-11-14,101125.08
PO-0375,Supplier K,Quality,Office Supplies,40496,2025-11-26,38966.61
PO-0376,Supplier L,Finance,Software,20117,2026-01-24,16704.24
PO-0377,Supplier M,Clinical,Consulting,61882,2026-01-20,49888.05
PO-0378,Supplier N,Facilities,Software,85149,2026-07-10,76067.05
PO-0379,Supplier O,R&D,Lab Supplies,31610,2026-11-02,20684.87
PO-0380,Supplier P,Manufacturing,Consulting,146318,2026-09-21,107562.79
PO-0381,Supplier Q,Quality,Reagents,12755,2026-01-04,9868.45
PO-0382,Supplier R,Manufacturing,Lab Supplies,74516,2025-10-10,45315.87
PO-0383,Supplier S,Finance,Equipment,103626,2025-05-10,66594.35
PO-0384,Supplier T,R&D,Equipment,124253,2025-11-21,101178.94
PO-0385,Supplier U,Manufacturing,Consulting,6147,2025-05-23,4269.34
PO-0386,Supplier V,Manufacturing,Hardware,74244,2025-07-11,44904.44
PO-0387,Supplier W,Facilities,Equipment,5465,2027-02-24,5145.99
PO-0388,Supplier X,Clinical,Hardware,145173,2026-07-19,91068.15
PO-0389,Supplier Y,Clinical,Equipment,41100,2025-04-18,33517.25
PO-0390,Supplier Z,R&D,Office Supplies,38391,2026-02-15,31711.09
PO-0391,Supplier A,Manufacturing,Equipment,98345,2026-03-08,72425.55
PO-0392,Supplier B,Finance,Equipment,120209,2025-03-10,104065.66
PO-0393,Supplier C,R&D,Consulting,103277,2027-02-01,101593.7
PO-0394,Supplier D,Finance,Consulting,67556,2027-07-29,45134.85
PO-0395,Supplier E,Facilities,Equipment,8945,2026-01-27,7873.06
PO-0396,Supplier F,Facilities,Office Supplies,42747,2026-11-19,31207.56
PO-0397,Supplier G,Quality,Equipment,29845,2027-01-12,26006.12
PO-0398,Supplier H,Clinical,Software,114653,2026-02-11,95437.1
PO-0399,Supplier I,Clinical,Lab Supplies,8906,2027-01-08,7074.01
PO-0400,Supplier J,Facilities,Consulting,67458,2025-11-13,46565.19
PO-0401,Supplier K,Manufacturing,Lab Supplies,49863,2025-08-29,38084.61
PO-0402,Supplier L,Facilities,Reagents,41851,2025-10-15,39989.17
PO-0403,Supplier M,Clinical,Software,68505,2025-11-10,45452.26
PO-0404,Supplier N,Clinical,Equipment,70811,2026-09-07,44722.26
PO-0405,Supplier O,Manufacturing,Hardware,72132,2027-02-14,63652.15
PO-0406,Supplier P,Clinical,Lab Supplies,50291,2026-02-07,36148.9
PO-0407,Supplier Q,Clinical,Hardware,73887,2026-07-09,52994.0
PO-0408,Supplier R,IT,Consulting,138229,2027-02-16,135926.67
PO-0409,Supplier S,Facilities,Reagents,64687,2025-05-14,52957.74
PO-0410,Supplier T,Manufacturing,Equipment,104810,2026-09-15,96322.51
PO-0411,Supplier U,R&D,Hardware,30063,2027-09-19,24810.32
PO-0412,Supplier V,Manufacturing,Office Supplies,35841,2026-07-29,28505.07
PO-0413,Supplier W,IT,Lab Supplies,137683,2025-02-12,99374.44
PO-0414,Supplier X,Manufacturing,Reagents,144566,2027-08-16,143261.77
PO-0415,Supplier Y,Facilities,Equipment,116344,2025-02-04,114118.67
PO-0416,Supplier Z,Clinical,Office Supplies,122660,2025-12-11,91250.66
PO-0417,Supplier A,Clinical,Hardware,49339,2027-03-08,44774.3
PO-0418,Supplier B,R&D,Hardware,28797,2025-03-30,21346.89
PO-0419,Supplier C,IT,Software,98688,2026-04-28,77183.43
PO-0420,Supplier D,Quality,Hardware,91856,2026-10-25,85040.29
PO-0421,Supplier E,Clinical,Equipment,139986,2025-06-12,137821.77
PO-0422,Supplier F,Facilities,Office Supplies,30049,2027-04-23,18147.6
PO-0423,Supplier G,Facilities,Equipment,140955,2027-04-25,113250.53
PO-0424,Supplier H,R&D,Software,96076,2026-01-21,91495.93
PO-0425,Supplier I,IT,Office Supplies,7764,2025-12-24,7228.35
PO-0426,Supplier J,Finance,Equipment,85861,2025-02-13,82629.19
PO-0427,Supplier K,Manufacturing,Consulting,68266,2026-03-02,64369.2
PO-0428,Supplier L,IT,Consulting,90627,2027-07-30,62577.48
PO-0429,Supplier M,R&D,Hardware,56759,2025-02-26,35792.19
PO-0430,Supplier N,Quality,Equipment,16824,2027-09-10,14586.57
PO-0431,Supplier O,Facilities,Lab Supplies,52766,2025-07-14,38377.81
PO-0432,Supplier P,IT,Consulting,99413,2025-07-05,89974.22
PO-0433,Supplier Q,Manufacturing,Software,53338,2027-09-15,52829.12
PO-0434,Supplier R,Clinical,Office Supplies,109486,2027-07-06,90426.67
PO-0435,Supplier S,Facilities,Reagents,92106,2027-05-18,90996.24
PO-0436,Supplier T,R&D,Consulting,107796,2025-10-02,66923.52
PO-0437,Supplier U,Quality,Reagents,124359,2027-04-30,123245.57
PO-0438,Supplier V,R&D,Equipment,20460,2025-03-21,12845.85
PO-0439,Supplier W,Facilities,Consulting,17823,2026-03-12,15831.03
PO-0440,Supplier X,Quality,Software,56716,2026-06-23,52549.62
PO-0441,Supplier Y,Manufacturing,Office Supplies,120064,2025-08-12,97892.36
PO-0442,Supplier Z,Manufacturing,Consulting,78476,2025-06-17,52068.98
PO-0443,Supplier A,Clinical,Equipment,42562,2027-06-06,32840.32
PO-0444,Supplier B,Clinical,Software,71785,2026-06-03,52897.85
PO-0445,Supplier C,IT,Equipment,98803,2025-03-09,81833.07
PO-0446,Supplier D,R&D,Software,148023,2026-12-05,138161.81
PO-0447,Supplier E,Quality,Office Supplies,29349,2025-04-16,19781.12
PO-0448,Supplier F,Clinical,Hardware,61976,2027-05-06,46263.16
PO-0449,Supplier G,Facilities,Equipment,103679,2025-07-27,93283.14
PO-0450,Supplier H,Quality,Office Supplies,137652,2026-06-27,137073.72
PO-0451,Supplier I,Quality,Office Supplies,83788,2025-07-20,75868.55
PO-0452,Supplier J,IT,Consulting,66612,2025-04-09,45641.15
PO-0453,Supplier K,Manufacturing,Reagents,113388,2025-12-03,84921.62
PO-0454,Supplier L,IT,Reagents,122573,2026-12-13,120208.35
PO-0455,Supplier M,Manufacturing,Software,107167,2026-09-16,67232.37
PO-0456,Supplier N,Facilities,Equipment,34039,2025-04-17,25515.98
PO-0457,Supplier O,Quality,Reagents,67236,2025-09-10,64337.46
PO-0458,Supplier P,Manufacturing,Software,37494,2025-12-27,26479.34
PO-0459,Supplier Q,Manufacturing,Reagents,147917,2025-02-20,117841.63
PO-0460,Supplier R,Finance,Hardware,64391,2027-01-26,44347.65
PO-0461,Supplier S,R&D,Consulting,14157,2025-03-12,11711.6
PO-0462,Supplier T,IT,Office Supplies,41052,2026-04-06,36241.0
PO-0463,Supplier U,Clinical,Lab Supplies,56650,2025-07-29,46199.88
PO-0464,Supplier V,Quality,Software,13323,2026-08-02,10750.96
PO-0465,Supplier W,Manufacturing,Hardware,17578,2025-06-09,15072.51
PO-0466,Supplier X,IT,Equipment,33680,2026-04-07,25482.18
PO-0467,Supplier Y,IT,Consulting,92598,2027-05-10,81668.84
PO-0468,Supplier Z,Manufacturing,Software,40126,2026-10-12,32605.73
PO-0469,Supplier A,IT,Software,8493,2026-11-08,5475.77
PO-0470,Supplier B,Facilities,Equipment,131217,2025-03-18,78756.4
PO-0471,Supplier C,Facilities,Reagents,29238,2027-06-28,22783.16
PO-0472,Supplier D,Quality,Lab Supplies,49544,2025-04-26,36342.02
PO-0473,Supplier E,Facilities,Software,9629,2025-07-31,7526.91
PO-0474,Supplier F,Quality,Software,47051,2027-03-25,36972.76
PO-0475,Supplier G,R&D,Equipment,91771,2027-08-22,90967.43
PO-0476,Supplier H,R&D,Lab Supplies,89014,2025-03-02,77768.67
PO-0477,Supplier I,R&D,Lab Supplies,59442,2027-07-04,50722.59
PO-0478,Supplier J,Finance,Office Supplies,80591,2027-07-21,76562.98
PO-0479,Supplier K,IT,Software,74474,2025-05-12,56477.57
PO-0480,Supplier L,Clinical,Reagents,97189,2025-07-30,95266.39
PO-0481,Supplier M,Manufacturing,Lab Supplies,93389,2026-07-17,74871.65
PO-0482,Supplier N,Manufacturing,Consulting,26681,2027-02-10,23461.77
PO-0483,Supplier O,R&D,Hardware,111065,2025-11-16,110520.14
PO-0484,Supplier P,Quality,Consulting,134044,2027-06-12,84913.79
PO-0485,Supplier Q,Finance,Hardware,6205,2025-07-17,3753.33
PO-0486,Supplier R,Quality,Office Supplies,100955,2025-12-02,66612.81
PO-0487,Supplier S,R&D,Office Supplies,20835,2027-06-07,16883.04
PO-0488,Supplier T,Quality,Consulting,24604,2025-02-18,24048.27
PO-0489,Supplier U,R&D,Equipment,78867,2025-12-28,58340.9
PO-0490,Supplier V,Facilities,Reagents,46805,2027-09-03,34216.96
PO-0491,Supplier W,Facilities,Hardware,34732,2025-04-11,27100.61
PO-0492,Supplier X,IT,Software,105497,2025-02-27,80001.38
PO-0493,Supplier Y,Manufacturing,Reagents,70756,2026-05-24,44585.68
PO-0494,Supplier Z,Quality,Office Supplies,63659,2027-05-03,52111.23
PO-0495,Supplier A,Finance,Lab Supplies,14547,2025-09-19,13224.44
PO-0496,Supplier B,Quality,Office Supplies,85458,2025-09-28,54474.23
PO-0497,Supplier C,Manufacturing,Equipment,41073,2027-04-14,28748.47
PO-0498,Supplier D,IT,Lab Supplies,117008,2026-05-31,85427.06
PO-0499,Supplier E,Facilities,Hardware,17224,2025-12-08,14985.43
PO-0500,Supplier F,R&D,Hardware,98183,2027-06-23,91465.52
PO-0501,Supplier G,R&D,Equipment,143587,2026-06-19,97433.88
PO-0502,Supplier H,IT,Consulting,147658,2026-01-29,129480.03
PO-0503,Supplier I,R&D,Equipment,72059,2026-04-27,57229.66
PO-0504,Supplier J,Clinical,Office Supplies,84339,2026-10-18,80539.24
PO-0505,Supplier K,Clinical,Consulting,31146,2027-01-07,30020.67
PO-0506,Supplier L,Clinical,Hardware,140438,2025-12-06,88914.83
PO-0507,Supplier M,Manufacturing,Reagents,111998,2027-06-17,93304.89
PO-0508,Supplier N,IT,Lab Supplies,146941,2026-02-17,98390.71
PO-0509,Supplier O,IT,Lab Supplies,111650,2026-12-16,100083.36
PO-0510,Supplier P,Clinical,Software,36508,2026-10-15,32072.73
PO-0511,Supplier Q,Facilities,Lab Supplies,140769,2025-05-01,129325.78
PO-0512,Supplier R,Clinical,Hardware,35331,2027-07-08,25355.28
PO-0513,Supplier S,Facilities,Lab Supplies,118649,2027-01-11,109209.39
PO-0514,Supplier T,Facilities,Consulting,127474,2026-03-29,120577.03
PO-0515,Supplier U,Facilities,Equipment,79851,2025-12-10,74270.11
PO-0516,Supplier V,Facilities,Office Supplies,120786,2027-07-27,78064.63
PO-0517,Supplier W,Finance,Hardware,43198,2025-07-24,40481.66
PO-0518,Supplier X,Facilities,Equipment,45151,2026-07-03,36359.26
PO-0519,Supplier Y,Facilities,Lab Supplies,139538,2027-05-05,113105.61
PO-0520,Supplier Z,Clinical,Reagents,78260,2027-08-24,59240.55
PO-0521,Supplier A,Manufacturing,Consulting,78428,2026-05-09,57398.53
PO-0522,Supplier B,Manufacturing,Consulting,21803,2027-08-15,17746.8
PO-0523,Supplier C,Finance,Reagents,66750,2027-03-13,43265.39
PO-0524,Supplier D,Manufacturing,Hardware,17478,2025-08-26,17122.44
PO-0525,Supplier E,Clinical,Equipment,134546,2026-10-27,107397.23
PO-0526,Supplier F,R&D,Consulting,107503,2026-01-16,83976.73
PO-0527,Supplier G,Finance,Hardware,131494,2025-05-16,112596.61
PO-0528,Supplier H,Clinical,Office Supplies,54446,2026-11-12,36374.11
PO-0529,Supplier I,Finance,Consulting,148554,2027-05-29,118624.48
PO-0530,Supplier J,Manufacturing,Consulting,72729,2027-04-26,64290.7
PO-0531,Supplier K,Manufacturing,Lab Supplies,17262,2025-08-05,12921.87
PO-0532,Supplier L,Quality,Software,115827,2027-06-19,77858.69
PO-0533,Supplier M,R&D,Equipment,39813,2025-10-23,26162.71
PO-0534,Supplier N,R&D,Reagents,53290,2026-11-04,40156.48
PO-0535,Supplier O,Manufacturing,Software,120397,2025-03-11,93428.26
PO-0536,Supplier P,Manufacturing,Consulting,110725,2027-04-17,95102.57
PO-0537,Supplier Q,Manufacturing,Software,113083,2027-03-27,90348.16
PO-0538,Supplier R,Quality,Reagents,140771,2026-04-21,117223.56
PO-0539,Supplier S,IT,Equipment,84444,2025-04-13,79356.54
PO-0540,Supplier T,Manufacturing,Consulting,99013,2025-10-09,70268.38
PO-0541,Supplier U,Facilities,Hardware,83869,2026-01-17,55649.76
PO-0542,Supplier V,R&D,Reagents,128083,2026-09-05,101867.5
PO-0543,Supplier W,Quality,Lab Supplies,108313,2026-03-15,82406.63
PO-0544,Supplier X,Facilities,Office Supplies,18664,2025-01-11,14467.58
PO-0545,Supplier Y,R&D,Software,40187,2027-03-03,25685.12
PO-0546,Supplier Z,Quality,Software,97909,2027-05-22,80268.87
PO-0547,Supplier A,Facilities,Software,5816,2025-11-02,3828.16
PO-0548,Supplier B,IT,Hardware,88525,2025-01-28,79641.6
PO-0549,Supplier C,R&D,Consulting,94022,2025-11-01,84806.68
PO-0550,Supplier D,Manufacturing,Reagents,58974,2027-06-11,43859.31
PO-0551,Supplier E,Finance,Reagents,17125,2026-06-08,16542.11
PO-0552,Supplier F,Quality,Consulting,26219,2027-07-24,16383.73
PO-0553,Supplier G,Manufacturing,Lab Supplies,60223,2026-03-22,48044.67
PO-0554,Supplier H,R&D,Reagents,118988,2026-03-14,87832.91
PO-0555,Supplier I,Quality,Software,27419,2027-04-24,25660.9
PO-0556,Supplier J,Quality,Hardware,83979,2026-06-13,67296.21
PO-0557,Supplier K,IT,Software,92410,2025-02-22,91061.72
PO-0558,Supplier L,R&D,Office Supplies,69432,2027-09-07,65945.8
PO-0559,Supplier M,Facilities,Hardware,43845,2027-04-19,30704.31
PO-0560,Supplier N,Quality,Reagents,49783,2027-03-07,31835.06
PO-0561,Supplier O,R&D,Software,138522,2026-04-10,99645.73
PO-0562,Supplier P,Facilities,Hardware,149867,2026-04-23,122396.26
PO-0563,Supplier Q,Clinical,Software,143877,2025-12-01,116388.02
PO-0564,Supplier R,Quality,Reagents,20429,2026-07-26,15525.39
PO-0565,Supplier S,Manufacturing,Hardware,49053,2026-06-04,33808.68
PO-0566,Supplier T,Finance,Hardware,141188,2026-03-26,95667.39
PO-0567,Supplier U,R&D,Hardware,114252,2026-09-26,85766.13
PO-0568,Supplier V,Manufacturing,Hardware,63573,2027-06-01,38582.97
PO-0569,Supplier W,Quality,Consulting,63082,2025-07-18,43450.62
PO-0570,Supplier X,Quality,Reagents,119140,2026-12-09,101277.49
PO-0571,Supplier Y,Manufacturing,Equipment,132084,2027-01-20,93992.7
PO-0572,Supplier Z,Facilities,Hardware,68112,2027-09-23,65022.47
PO-0573,Supplier A,R&D,Office Supplies,90964,2027-08-17,64524.1
PO-0574,Supplier B,Facilities,Hardware,30786,2025-05-15,22998.02
PO-0575,Supplier C,Clinical,Lab Supplies,99101,2026-07-31,79655.03
PO-0576,Supplier D,Facilities,Hardware,36037,2026-08-26,27133.82
PO-0577,Supplier E,Facilities,Equipment,59522,2026-10-02,47423.14
PO-0578,Supplier F,Quality,Lab Supplies,9223,2026-11-24,5943.25
PO-0579,Supplier G,Quality,Reagents,23402,2025-02-10,22182.53
PO-0580,Supplier H,IT,Consulting,130403,2025-02-03,98810.87
PO-0581,Supplier I,Quality,Lab Supplies,77491,2026-05-29,60347.69
PO-0582,Supplier J,Clinical,Hardware,132357,2025-11-08,123970.9
PO-0583,Supplier K,R&D,Hardware,139197,2025-09-15,88290.75
PO-0584,Supplier L,Facilities,Hardware,83037,2027-09-02,52301.87
PO-0585,Supplier M,R&D,Software,112236,2025-09-16,81491.58
PO-0586,Supplier N,Manufacturing,Office Supplies,111461,2027-03-22,105361.51
PO-0587,Supplier O,Clinical,Consulting,58149,2025-05-30,42403.93
PO-0588,Supplier P,Facilities,Office Supplies,11822,2025-01-01,9417.93
PO-0589,Supplier Q,Quality,Lab Supplies,69783,2025-05-26,55471.6
PO-0590,Supplier R,Clinical,Lab Supplies,123436,2025-01-07,75500.93
PO-0591,Supplier S,R&D,Software,59120,2027-03-24,52184.72
PO-0592,Supplier T,Facilities,Office Supplies,39565,2026-06-06,30586.47
PO-0593,Supplier U,Quality,Equipment,117740,2025-01-19,76785.05
PO-0594,Supplier V,Finance,Office Supplies,6074,2027-03-19,4787.08
PO-0595,Supplier W,Facilities,Office Supplies,124062,2027-03-20,119462.65
PO-0596,Supplier X,Finance,Office Supplies,52620,2025-06-01,34139.88
PO-0597,Supplier Y,Facilities,Equipment,11689,2025-07-10,7183.35
PO-0598,Supplier Z,Manufacturing,Software,111016,2027-04-16,75761.2
PO-0599,Supplier A,Finance,Consulting,5188,2026-03-11,5030.76
PO-0600,Supplier B,R&D,Hardware,42483,2026-10-24,28737.15
PO-0601,Supplier C,R&D,Software,79365,2026-04-18,75696.08
PO-0602,Supplier D,R&D,Lab Supplies,22882,2026-11-23,19600.51
PO-0603,Supplier E,Finance,Lab Supplies,60342,2026-05-28,43316.28
PO-0604,Supplier F,IT,Equipment,147490,2027-05-11,123177.02
PO-0605,Supplier G,Quality,Reagents,100426,2025-09-25,73777.04
PO-0606,Supplier H,R&D,Lab Supplies,63801,2025-08-31,55827.96
PO-0607,Supplier I,Finance,Reagents,34989,2027-09-08,23256.35
PO-0608,Supplier J,Facilities,Software,19949,2026-04-09,16034.31
PO-0609,Supplier K,IT,Lab Supplies,148379,2025-09-29,114681.02
PO-0610,Supplier L,Clinical,Software,15459,2025-04-29,9805.47
PO-0611,Supplier M,Clinical,Reagents,100323,2027-05-17,96405.18
PO-0612,Supplier N,Facilities,Office Supplies,115395,2025-05-17,109989.73
PO-0613,Supplier O,Manufacturing,Software,145962,2026-12-29,116829.03
PO-0614,Supplier P,Manufacturing,Lab Supplies,130829,2025-02-08,103001.19
PO-0615,Supplier Q,Finance,Hardware,34876,2027-08-14,24353.24
PO-0616,Supplier R,IT,Equipment,66325,2026-08-25,60639.56
PO-0617,Supplier S,R&D,Software,94708,2025-10-25,64016.72
PO-0618,Supplier T,Facilities,Lab Supplies,113254,2027-04-15,111486.73
PO-0619,Supplier U,Clinical,Hardware,10023,2025-01-03,6843.9
PO-0620,Supplier V,R&D,Software,27787,2025-05-13,24357.29
PO-0621,Supplier W,Quality,Consulting,97764,2026-12-30,60469.56
PO-0622,Supplier X,Clinical,Equipment,18077,2025-01-12,11608.85
PO-0623,Supplier Y,Clinical,Reagents,131625,2026-07-07,90576.43
PO-0624,Supplier Z,Clinical,Office Supplies,68546,2027-08-12,52556.95
PO-0625,Supplier A,R&D,Consulting,48615,2026-08-22,37530.21
PO-0626,Supplier B,Finance,Lab Supplies,36495,2025-03-25,22454.24
PO-0627,Supplier C,Finance,Office Supplies,8249,2026-09-01,8241.86
PO-0628,Supplier D,Quality,Hardware,33033,2026-09-13,22880.68
PO-0629,Supplier E,R&D,Lab Supplies,62399,2026-10-21,38710.13
PO-0630,Supplier F,IT,Equipment,139728,2025-08-16,132018.6
PO-0631,Supplier G,R&D,Reagents,115433,2025-07-23,88074.51
PO-0632,Supplier H,Facilities,Reagents,149727,2026-02-28,108200.15
PO-0633,Supplier I,Manufacturing,Reagents,131459,2025-08-01,123112.38
PO-0634,Supplier J,Facilities,Hardware,76648,2025-03-31,49458.96
PO-0635,Supplier K,IT,Office Supplies,7997,2026-09-20,6465.45
PO-0636,Supplier L,R&D,Software,99947,2027-07-12,89824.89
PO-0637,Supplier M,Facilities,Lab Supplies,84025,2026-11-30,53315.11
PO-0638,Supplier N,Manufacturing,Office Supplies,17768,2026-08-19,15327.46
PO-0639,Supplier O,Manufacturing,Reagents,53418,2025-03-05,41521.67
PO-0640,Supplier P,Finance,Reagents,125329,2026-12-21,87529.6
PO-0641,Supplier Q,Facilities,Office Supplies,105844,2026-07-22,75380.49
PO-0642,Supplier R,Clinical,Lab Supplies,35098,2026-07-12,28851.38
PO-0643,Supplier S,Facilities,Office Supplies,14694,2026-01-31,14216.72
PO-0644,Supplier T,IT,Lab Supplies,84017,2026-05-01,71564.45
PO-0645,Supplier U,Facilities,Equipment,75583,2025-09-30,71193.56
PO-0646,Supplier V,IT,Software,15902,2025-07-08,13433.04
PO-0647,Supplier W,Quality,Lab Supplies,145309,2025-06-21,117362.99
PO-0648,Supplier X,IT,Consulting,12974,2026-12-26,11458.44
PO-0649,Supplier Y,Finance,Reagents,114723,2026-06-01,103574.31
PO-0650,Supplier Z,Manufacturing,Lab Supplies,106781,2025-08-04,66937.67
PO-0651,Supplier A,Facilities,Reagents,136397,2027-06-04,129847.96
PO-0652,Supplier B,R&D,Hardware,130867,2026-08-24,82475.02
PO-0653,Supplier C,R&D,Hardware,117847,2027-09-05,103218.49
PO-0654,Supplier D,Manufacturing,Reagents,35876,2027-07-31,29301.18
PO-0655,Supplier E,Facilities,Hardware,73519,2025-12-23,46771.84
PO-0656,Supplier F,Quality,Software,102613,2025-10-24,92184.36
PO-0657,Supplier G,R&D,Software,142688,2026-10-16,120715.62
PO-0658,Supplier H,Facilities,Hardware,14581,2025-11-20,12489.65
PO-0659,Supplier I,Manufacturing,Reagents,20369,2025-02-21,12671.26
PO-0660,Supplier J,Manufacturing,Equipment,9098,2027-06-29,8110.19
PO-0661,Supplier K,Facilities,Consulting,52896,2027-04-29,35331.83
PO-0662,Supplier L,IT,Equipment,5151,2026-02-05,3333.6
PO-0663,Supplier M,Quality,Hardware,41973,2026-01-15,27111.72
PO-0664,Supplier N,Finance,Office Supplies,87014,2025-07-13,71250.72
PO-0665,Supplier O,IT,Equipment,19919,2025-11-04,17476.48
PO-0666,Supplier P,Quality,Hardware,64031,2026-03-06,48010.54
PO-0667,Supplier Q,R&D,Lab Supplies,145715,2027-06-27,139515.08
PO-0668,Supplier R,Finance,Office Supplies,43869,2026-06-21,36946.3
PO-0669,Supplier S,Finance,Hardware,125638,2025-03-20,98624.68
PO-0670,Supplier T,Facilities,Lab Supplies,30519,2025-03-28,19586.41
PO-0671,Supplier U,Facilities,Equipment,27673,2027-05-09,26930.48
PO-0672,Supplier V,Clinical,Consulting,125402,2026-02-23,119174.16
PO-0673,Supplier W,Manufacturing,Consulting,59173,2027-07-16,37143.27
PO-0674,Supplier X,Facilities,Equipment,58829,2026-03-25,57820.27
PO-0675,Supplier Y,Finance,Office Supplies,120586,2027-07-20,108907.72
PO-0676,Supplier Z,Manufacturing,Reagents,80504,2026-05-13,68225.39
PO-0677,Supplier A,Facilities,Software,106161,2025-07-12,82078.69
PO-0678,Supplier B,Quality,Hardware,31305,2025-02-06,28829.85
PO-0679,Supplier C,R&D,Software,72061,2025-01-25,45539.5
PO-0680,Supplier D,IT,Office Supplies,141070,2026-08-14,113356.5
PO-0681,Supplier E,Clinical,Lab Supplies,91598,2025-10-17,63172.93
PO-0682,Supplier F,Facilities,Lab Supplies,17741,2026-10-23,13819.63
PO-0683,Supplier G,IT,Reagents,137429,2026-01-09,83859.97
PO-0684,Supplier H,Quality,Consulting,14400,2026-08-13,10031.81
PO-0685,Supplier I,Manufacturing,Hardware,125943,2026-03-16,118904.49
PO-0686,Supplier J,Clinical,Reagents,73003,2027-07-13,54361.21
PO-0687,Supplier K,Manufacturing,Lab Supplies,36991,2026-07-08,28621.73
PO-0688,Supplier L,R&D,Equipment,81637,2026-03-10,63644.23
PO-0689,Supplier M,Manufacturing,Lab Supplies,28678,2025-01-05,19107.31
PO-0690,Supplier N,R&D,Lab Supplies,7281,2027-09-01,6735.48
PO-0691,Supplier O,Clinical,Lab Supplies,143136,2027-07-25,138514.24
PO-0692,Supplier P,Quality,Reagents,63302,2026-04-04,49832.06
PO-0693,Supplier Q,Finance,Office Supplies,60220,2025-07-26,46434.12
PO-0694,Supplier R,Manufacturing,Office Supplies,123263,2027-01-09,105134.42
PO-0695,Supplier S,Quality,Reagents,59829,2026-04-11,53469.18
PO-0696,Supplier T,Finance,Equipment,109642,2025-02-09,101799.72
PO-0697,Supplier U,IT,Consulting,12120,2025-12-18,8262.63
PO-0698,Supplier V,Manufacturing,Hardware,42639,2025-10-01,31244.28
PO-0699,Supplier W,Manufacturing,Hardware,39490,2026-12-11,25810.4
PO-0700,Supplier X,IT,Software,141015,2025-07-19,85694.7
PO-0701,Supplier Y,Manufacturing,Consulting,121610,2025-01-31,78028.09
PO-0702,Supplier Z,IT,Reagents,125852,2026-09-27,82356.49
PO-0703,Supplier A,Quality,Equipment,61429,2027-05-14,55772.68
PO-0704,Supplier B,Facilities,Office Supplies,68728,2026-06-12,60095.58
PO-0705,Supplier C,R&D,Equipment,54344,2026-07-30,41219.83
PO-0706,Supplier D,Quality,Equipment,38018,2026-01-18,33239.01
PO-0707,Supplier E,Clinical,Hardware,8527,2026-09-12,6053.57
PO-0708,Supplier F,R&D,Hardware,79699,2025-04-04,75444.7
PO-0709,Supplier G,Clinical,Lab Supplies,125934,2026-04-03,79624.88
PO-0710,Supplier H,Quality,Reagents,15944,2027-08-09,12645.6
PO-0711,Supplier I,Facilities,Lab Supplies,102324,2027-05-25,78035.86
PO-0712,Supplier J,Facilities,Reagents,130729,2026-07-05,124452.05
PO-0713,Supplier K,R&D,Lab Supplies,53477,2025-04-30,38936.32
PO-0714,Supplier L,IT,Lab Supplies,41005,2027-01-23,36502.26
PO-0715,Supplier M,Quality,Hardware,30943,2025-06-19,27060.66
PO-0716,Supplier N,R&D,Hardware,55709,2026-01-07,48128.88
PO-0717,Supplier O,Clinical,Lab Supplies,126807,2027-05-07,107470.54
PO-0718,Supplier P,IT,Consulting,95316,2025-06-28,84982.61
PO-0719,Supplier Q,Clinical,Hardware,58863,2026-07-06,53404.49
PO-0720,Supplier R,R&D,Equipment,68710,2027-02-28,56014.28
PO-0721,Supplier S,Clinical,Software,96461,2025-10-05,94391.2
PO-0722,Supplier T,Clinical,Software,113031,2027-05-23,109507.6
PO-0723,Supplier U,R&D,Reagents,23999,2026-02-10,17972.41
PO-0724,Supplier V,Facilities,Consulting,69324,2027-05-21,63667.94
PO-0725,Supplier W,R&D,Office Supplies,7362,2026-07-28,5269.28
PO-0726,Supplier X,Manufacturing,Consulting,134511,2025-08-06,107135.36
PO-0727,Supplier Y,Finance,Software,101426,2025-06-10,61968.81
PO-0728,Supplier Z,R&D,Software,117438,2027-09-04,101838.08
PO-0729,Supplier A,Quality,Hardware,98983,2026-02-08,68245.01
PO-0730,Supplier B,IT,Software,31976,2025-03-03,22910.47
PO-0731,Supplier C,Facilities,Reagents,63143,2025-11-27,57913.24
PO-0732,Supplier D,IT,Software,39554,2025-03-01,26739.58
PO-0733,Supplier E,IT,Software,64477,2026-12-06,57008.24
PO-0734,Supplier F,Quality,Hardware,139980,2025-05-28,125564.7
PO-0735,Supplier G,Clinical,Equipment,86189,2025-02-01,78825.33
PO-0736,Supplier H,Manufacturing,Software,44660,2025-02-28,29014.52
PO-0737,Supplier I,Finance,Hardware,117061,2026-09-11,102325.56
PO-0738,Supplier J,IT,Hardware,35272,2026-03-05,33224.07
PO-0739,Supplier K,Clinical,Hardware,99354,2025-11-23,97321.02
PO-0740,Supplier L,Manufacturing,Software,105370,2025-09-24,80374.9
PO-0741,Supplier M,IT,Software,44987,2027-06-30,37910.2
PO-0742,Supplier N,R&D,Hardware,28411,2026-06-10,17860.9
PO-0743,Supplier O,IT,Hardware,96119,2026-01-12,78100.85
PO-0744,Supplier P,Facilities,Reagents,61331,2025-09-04,42208.69
PO-0745,Supplier Q,IT,Consulting,32575,2027-03-10,20078.09
PO-0746,Supplier R,Quality,Consulting,72348,2026-08-11,66743.7
PO-0747,Supplier S,Finance,Equipment,14394,2025-11-30,9905.04
PO-0748,Supplier T,Finance,Equipment,91199,2025-06-22,89763.05
PO-0749,Supplier U,Manufacturing,Equipment,11871,2026-09-10,9008.79
PO-0750,Supplier V,Finance,Equipment,119413,2027-01-10,78524.9
PO-0751,Supplier W,Quality,Software,10110,2027-09-25,10057.96
PO-0752,Supplier X,Facilities,Hardware,130464,2025-04-08,124900.39
PO-0753,Supplier Y,Quality,Reagents,12507,2025-01-15,9567.15
PO-0754,Supplier Z,Clinical,Software,130955,2027-08-04,95022.78
PO-0755,Supplier A,Facilities,Office Supplies,122571,2027-05-01,92595.16
PO-0756,Supplier B,Finance,Consulting,57108,2026-03-01,55499.63
PO-0757,Supplier C,R&D,Software,145263,2025-05-19,133207.54
PO-0758,Supplier D,Manufacturing,Reagents,88516,2025-08-17,78459.0
PO-0759,Supplier E,R&D,Office Supplies,121998,2025-09-27,82988.38
PO-0760,Supplier F,R&D,Reagents,124624,2025-01-14,93699.77
PO-0761,Supplier G,Clinical,Software,50876,2025-06-20,43228.02
PO-0762,Supplier H,Quality,Equipment,40214,2026-02-26,33613.5
PO-0763,Supplier I,IT,Office Supplies,109171,2026-02-09,70476.41
PO-0764,Supplier J,Finance,Software,43761,2025-05-27,30842.2
PO-0765,Supplier K,Clinical,Equipment,59004,2027-07-28,37667.72
PO-0766,Supplier L,Finance,Consulting,65341,2025-10-22,50568.44
PO-0767,Supplier M,R&D,Office Supplies,143313,2026-01-02,142767.18
PO-0768,Supplier N,Manufacturing,Lab Supplies,140247,2025-12-31,132994.27
PO-0769,Supplier O,IT,Lab Supplies,26808,2026-04-08,16509.46
PO-0770,Supplier P,Finance,Reagents,42799,2026-12-25,32455.02
PO-0771,Supplier Q,R&D,Consulting,27255,2027-09-21,19540.94
PO-0772,Supplier R,Clinical,Consulting,64504,2025-05-09,63354.04
PO-0773,Supplier S,Facilities,Reagents,34299,2026-10-19,21763.08
PO-0774,Supplier T,R&D,Equipment,25217,2025-11-17,21185.17
PO-0775,Supplier U,Manufacturing,Office Supplies,132653,2027-04-02,115417.87
PO-0776,Supplier V,Facilities,Consulting,38171,2025-02-05,25683.47
PO-0777,Supplier W,Quality,Equipment,78614,2027-06-24,61642.5
PO-0778,Supplier X,Manufacturing,Office Supplies,66480,2025-09-26,59386.41
PO-0779,Supplier Y,R&D,Equipment,61760,2025-11-25,60116.7
PO-0780,Supplier Z,Manufacturing,Reagents,102179,2027-07-22,62529.47
PO-0781,Supplier A,Quality,Equipment,112946,2027-02-19,72147.17
PO-0782,Supplier B,IT,Hardware,149571,2027-03-16,116620.35
PO-0783,Supplier C,Finance,Reagents,7837,2026-08-21,7749.42
PO-0784,Supplier D,Manufacturing,Consulting,53256,2025-11-12,32805.65
PO-0785,Supplier E,IT,Office Supplies,103362,2026-11-06,92323.73
PO-0786,Supplier F,IT,Hardware,141948,2026-12-02,87017.71
PO-0787,Supplier G,IT,Lab Supplies,145508,2027-02-02,103605.22
PO-0788,Supplier H,R&D,Lab Supplies,92704,2026-08-28,82323.55
PO-0789,Supplier I,IT,Reagents,121801,2026-08-18,119590.3
PO-0790,Supplier J,IT,Consulting,107620,2025-03-24,94539.56
PO-0791,Supplier K,Finance,Office Supplies,116745,2025-02-02,94482.02
PO-0792,Supplier L,Manufacturing,Reagents,141668,2026-09-19,125560.66
PO-0793,Supplier M,Clinical,Hardware,95879,2025-07-16,71056.16
PO-0794,Supplier N,Quality,Reagents,134849,2025-12-15,91791.68
PO-0795,Supplier O,Clinical,Consulting,47466,2027-03-14,41419.07
PO-0796,Supplier P,IT,Hardware,83163,2027-01-16,53985.76
PO-0797,Supplier Q,Facilities,Hardware,118879,2026-07-24,88906.7
PO-0798,Supplier R,Facilities,Consulting,82924,2025-05-24,77114.71
PO-0799,Supplier S,Facilities,Office Supplies,74112,2025-03-06,55800.49
PO-0800,Supplier T,R&D,Office Supplies,80822,2025-09-11,52961.18
PO-0801,Supplier U,Manufacturing,Reagents,145284,2025-10-11,119252.34
PO-0802,Supplier V,Manufacturing,Equipment,24568,2026-08-03,22311.28
PO-0803,Supplier W,Manufacturing,Hardware,130009,2026-06-26,111667.36
PO-0804,Supplier X,Facilities,Hardware,65907,2025-03-19,57775.72
PO-0805,Supplier Y,IT,Consulting,82666,2026-07-02,61175.09
PO-0806,Supplier Z,Clinical,Office Supplies,23229,2026-04-02,16948.13
PO-0807,Supplier A,Manufacturing,Office Supplies,24505,2027-03-05,17603.86
PO-0808,Supplier B,Clinical,Reagents,8400,2027-06-25,5102.27
PO-0809,Supplier C,Manufacturing,Lab Supplies,73040,2026-11-17,57020.07
PO-0810,Supplier D,R&D,Consulting,30130,2027-02-06,26121.93
PO-0811,Supplier E,Facilities,Lab Supplies,7197,2026-09-29,4422.05
PO-0812,Supplier F,IT,Equipment,61770,2027-01-06,43096.4
PO-0813,Supplier G,Clinical,Reagents,140240,2025-08-24,104869.7
PO-0814,Supplier H,Manufacturing,Hardware,10119,2027-02-15,6134.03
PO-0815,Supplier I,Quality,Lab Supplies,64780,2025-11-06,50469.23
PO-0816,Supplier J,Clinical,Office Supplies,72809,2026-12-12,46639.52
PO-0817,Supplier K,R&D,Consulting,64249,2027-08-20,63335.8
PO-0818,Supplier L,Facilities,Office Supplies,31118,2027-03-28,27353.82
PO-0819,Supplier M,Clinical,Software,18294,2026-10-30,16757.93
PO-0820,Supplier N,Quality,Office Supplies,109477,2027-02-21,103733.53
PO-0821,Supplier O,Facilities,Hardware,90589,2026-07-13,58540.45
PO-0822,Supplier P,Clinical,Equipment,21405,2025-07-03,14591.11
PO-0823,Supplier Q,Finance,Consulting,143367,2027-06-02,140354.87
PO-0824,Supplier R,R&D,Office Supplies,27566,2025-12-22,20102.23
PO-0825,Supplier S,R&D,Consulting,123547,2025-09-17,112449.23
PO-0826,Supplier T,Facilities,Hardware,84567,2027-02-23,78625.47
PO-0827,Supplier U,Facilities,Hardware,71967,2026-01-30,50744.58
PO-0828,Supplier V,Manufacturing,Equipment,29321,2025-01-02,26993.73
PO-0829,Supplier W,Manufacturing,Consulting,111668,2026-05-08,90007.52
PO-0830,Supplier X,R&D,Reagents,112635,2025-10-31,103609.75
PO-0831,Supplier Y,R&D,Consulting,37164,2027-03-01,30271.83
PO-0832,Supplier Z,R&D,Software,94629,2026-01-19,83115.11
PO-0833,Supplier A,Quality,Office Supplies,133822,2025-08-14,130924.91
PO-0834,Supplier B,R&D,Software,61684,2027-04-10,61441.03
PO-0835,Supplier C,Finance,Hardware,24455,2027-07-26,20958.57
PO-0836,Supplier D,Finance,Consulting,29520,2025-05-25,21400.85
PO-0837,Supplier E,Finance,Consulting,43654,2026-02-13,27236.84
PO-0838,Supplier F,Manufacturing,Reagents,75118,2025-05-03,48034.83
PO-0839,Supplier G,Facilities,Software,25022,2025-05-04,21340.28
PO-0840,Supplier H,Finance,Lab Supplies,117718,2025-03-23,112396.5
PO-0841,Supplier I,Finance,Software,112714,2027-02-03,103033.82
PO-0842,Supplier J,Finance,Hardware,123725,2027-04-09,107437.74
PO-0843,Supplier K,Manufacturing,Reagents,73775,2025-01-21,73620.47
PO-0844,Supplier L,Finance,Office Supplies,73880,2026-05-25,64345.67
PO-0845,Supplier M,Facilities,Office Supplies,77777,2026-10-07,63668.26
PO-0846,Supplier N,IT,Consulting,126498,2026-12-03,81925.29
PO-0847,Supplier O,Clinical,Consulting,99404,2025-03-22,79516.65
PO-0848,Supplier P,Finance,Lab Supplies,132643,2026-06-29,117374.27
PO-0849,Supplier Q,Finance,Equipment,17825,2025-10-19,11642.84
PO-0850,Supplier R,IT,Office Supplies,46221,2026-10-20,31066.85
PO-0851,Supplier S,Clinical,Software,121734,2025-08-15,80229.75
PO-0852,Supplier T,Facilities,Hardware,103266,2025-04-06,97871.97
PO-0853,Supplier U,R&D,Lab Supplies,14198,2025-08-19,12101.68
PO-0854,Supplier V,Manufacturing,Reagents,39918,2026-05-20,35889.07
PO-0855,Supplier W,Finance,Software,8186,2026-01-05,7096.82
PO-0856,Supplier X,IT,Consulting,32935,2025-06-08,32650.06
PO-0857,Supplier Y,Finance,Software,140673,2027-09-26,119030.29
PO-0858,Supplier Z,Clinical,Consulting,13030,2025-06-26,12769.01
PO-0859,Supplier A,Finance,Hardware,127515,2025-09-09,80330.92
PO-0860,Supplier B,Manufacturing,Software,135879,2026-07-16,127439.35
PO-0861,Supplier C,Quality,Hardware,145799,2025-10-18,116526.98
PO-0862,Supplier D,R&D,Hardware,136276,2026-06-20,95485.18
PO-0863,Supplier E,Quality,Office Supplies,127503,2025-02-25,92632.23
PO-0864,Supplier F,Finance,Hardware,135317,2026-08-07,100232.73
PO-0865,Supplier G,Quality,Software,8295,2026-06-15,8059.97
PO-0866,Supplier H,Clinical,Reagents,32653,2026-10-26,23320.83
PO-0867,Supplier I,Finance,Lab Supplies,127413,2027-07-03,111443.38
PO-0868,Supplier J,Finance,Software,52774,2025-10-06,32740.72
PO-0869,Supplier K,Facilities,Hardware,61001,2027-06-20,55376.65
PO-0870,Supplier L,Manufacturing,Lab Supplies,29440,2026-12-17,28506.68
PO-0871,Supplier M,Quality,Equipment,12618,2025-03-29,8465.39
PO-0872,Supplier N,IT,Software,115160,2026-05-18,83516.65
PO-0873,Supplier O,Clinical,Reagents,27072,2026-11-21,23634.86
PO-0874,Supplier P,Clinical,Equipment,88367,2026-11-05,82368.53
PO-0875,Supplier Q,Manufacturing,Hardware,57537,2026-05-16,57466.14
PO-0876,Supplier R,Facilities,Consulting,44988,2025-09-05,34196.58
PO-0877,Supplier S,Quality,Reagents,99260,2025-09-03,61241.01
PO-0878,Supplier T,IT,Office Supplies,97988,2026-08-08,72705.17
PO-0879,Supplier U,Facilities,Lab Supplies,130114,2025-04-24,122099.39
PO-0880,Supplier V,Quality,Reagents,88412,2025-07-28,53578.12
PO-0881,Supplier W,Facilities,Equipment,16733,2026-05-07,14973.29
PO-0882,Supplier X,Facilities,Consulting,103343,2025-12-29,98817.31
PO-0883,Supplier Y,Quality,Equipment,96430,2026-02-24,80652.42
PO-0884,Supplier Z,Quality,Software,31639,2027-08-23,22636.65
PO-0885,Supplier A,Manufacturing,Office Supplies,132126,2026-01-22,86028.83
PO-0886,Supplier B,Quality,Hardware,92293,2026-08-15,58349.52
PO-0887,Supplier C,Facilities,Reagents,17282,2026-02-01,16236.7
PO-0888,Supplier D,Quality,Lab Supplies,128721,2025-05-11,99173.78
PO-0889,Supplier E,Facilities,Hardware,85709,2025-03-13,66452.4
PO-0890,Supplier F,Finance,Equipment,27449,2026-02-06,16516.39
PO-0891,Supplier G,R&D,Equipment,77728,2026-05-26,61189.31
PO-0892,Supplier H,Facilities,Lab Supplies,114931,2026-11-25,76952.24
PO-0893,Supplier I,IT,Equipment,25850,2027-01-19,23292.21
PO-0894,Supplier J,IT,Software,105661,2026-06-22,102129.94
PO-0895,Supplier K,Finance,Software,31770,2027-06-08,31736.2
PO-0896,Supplier L,Facilities,Equipment,118461,2026-03-23,109453.4
PO-0897,Supplier M,IT,Office Supplies,91705,2026-05-22,84364.95
PO-0898,Supplier N,Facilities,Lab Supplies,119542,2027-03-09,105148.07
PO-0899,Supplier O,IT,Office Supplies,50440,2025-09-08,33179.03
PO-0900,Supplier P,Quality,Consulting,128744,2026-03-09,80245.11
PO-0901,Supplier Q,Quality,Reagents,117216,2026-07-11,91430.98
PO-0902,Supplier R,Finance,Reagents,31984,2026-08-05,23852.99
PO-0903,Supplier S,R&D,Office Supplies,95655,2027-04-13,57735.93
PO-0904,Supplier T,Finance,Equipment,37106,2027-01-13,32570.47
PO-0905,Supplier U,Facilities,Reagents,44816,2025-08-28,31733.84
PO-0906,Supplier V,R&D,Equipment,51478,2026-10-14,46947.89
PO-0907,Supplier W,IT,Office Supplies,47760,2026-05-17,30055.09
PO-0908,Supplier X,IT,Software,25749,2027-04-22,19612.47
PO-0909,Supplier Y,IT,Consulting,44240,2025-09-06,31236.94
PO-0910,Supplier Z,Finance,Office Supplies,24552,2027-01-25,22058.01
PO-0911,Supplier A,IT,Reagents,54951,2026-10-11,46023.06
PO-0912,Supplier B,Facilities,Equipment,142449,2027-03-02,101569.3
PO-0913,Supplier C,IT,Consulting,102562,2025-01-18,95242.35
PO-0914,Supplier D,Finance,Software,71530,2027-04-01,51047.01
PO-0915,Supplier E,Manufacturing,Software,51786,2027-05-26,37059.81
PO-0916,Supplier F,Finance,Lab Supplies,16536,2026-04-05,11917.05
PO-0917,Supplier G,R&D,Hardware,140933,2027-03-11,137452.08
PO-0918,Supplier H,Clinical,Consulting,139062,2025-09-01,125091.41
PO-0919,Supplier I,Quality,Consulting,48791,2025-11-05,38658.91
PO-0920,Supplier J,IT,Reagents,80050,2027-09-12,69249.26
PO-0921,Supplier K,Quality,Reagents,25107,2027-02-22,24789.14
PO-0922,Supplier L,Finance,Reagents,49483,2026-02-03,35728.64
PO-0923,Supplier M,R&D,Lab Supplies,34595,2027-08-08,33170.4
PO-0924,Supplier N,IT,Consulting,103251,2027-08-01,82292.2
PO-0925,Supplier O,Clinical,Software,68718,2025-07-21,63445.51
PO-0926,Supplier P,Finance,Consulting,129997,2025-11-18,85207.9
PO-0927,Supplier Q,IT,Equipment,16782,2026-05-10,16321.29
PO-0928,Supplier R,Finance,Hardware,126791,2026-04-25,94603.72
PO-0929,Supplier S,IT,Reagents,22598,2026-11-29,21047.41
PO-0930,Supplier T,R&D,Hardware,35842,2025-05-31,28355.94
PO-0931,Supplier U,Facilities,Office Supplies,100652,2026-03-24,93634.63
PO-0932,Supplier V,IT,Hardware,123713,2026-09-14,98011.12
PO-0933,Supplier W,Finance,Lab Supplies,147772,2025-03-15,111705.3
PO-0934,Supplier X,Clinical,Software,6799,2025-09-21,6339.28
PO-0935,Supplier Y,Manufacturing,Reagents,133490,2025-11-07,106727.93
PO-0936,Supplier Z,R&D,Equipment,28696,2026-09-04,25735.03
PO-0937,Supplier A,IT,Hardware,38084,2027-03-06,37433.19
PO-0938,Supplier B,Clinical,Software,93909,2026-07-20,59090.81
PO-0939,Supplier C,R&D,Hardware,23461,2027-05-28,17418.82
PO-0940,Supplier D,R&D,Office Supplies,8081,2027-08-19,8039.87
PO-0941,Supplier E,Finance,Equipment,81142,2025-07-01,61459.37
PO-0942,Supplier F,Finance,Reagents,73961,2025-10-21,55565.1
PO-0943,Supplier G,Facilities,Software,52048,2026-03-27,46122.7
PO-0944,Supplier H,Finance,Lab Supplies,104588,2025-04-15,89028.76
PO-0945,Supplier I,Manufacturing,Lab Supplies,116577,2026-02-25,110199.34
PO-0946,Supplier J,Facilities,Hardware,97409,2025-01-27,96575.9
PO-0947,Supplier K,Facilities,Reagents,32288,2027-03-15,27207.39
PO-0948,Supplier L,Manufacturing,Software,112550,2026-03-03,78258.99
PO-0949,Supplier M,Facilities,Office Supplies,94949,2026-12-10,82281.61
PO-0950,Supplier N,Manufacturing,Reagents,5043,2027-08-07,4362.49
PO-0951,Supplier O,Clinical,Equipment,24062,2026-08-04,14529.09
PO-0952,Supplier P,IT,Software,44085,2027-09-22,27689.55
PO-0953,Supplier Q,Clinical,Reagents,77350,2025-08-11,67764.56
PO-0954,Supplier R,Facilities,Software,83787,2027-04-28,56897.92
PO-0955,Supplier S,Facilities,Equipment,6381,2027-06-13,5570.43
PO-0956,Supplier T,IT,Equipment,147741,2026-10-06,100416.52
PO-0957,Supplier U,Finance,Lab Supplies,128374,2025-12-17,80930.27
PO-0958,Supplier V,Clinical,Reagents,29256,2026-04-26,20919.86
PO-0959,Supplier W,Quality,Hardware,34771,2026-06-24,34652.98
PO-0960,Supplier X,IT,Hardware,134204,2025-12-16,110857.53
PO-0961,Supplier Y,Facilities,Reagents,20905,2027-09-17,12921.18
PO-0962,Supplier Z,Finance,Office Supplies,80017,2027-07-09,67266.05
PO-0963,Supplier A,Quality,Equipment,86227,2027-07-01,75137.94
PO-0964,Supplier B,Finance,Consulting,99663,2027-07-14,87734.55
PO-0965,Supplier C,Quality,Reagents,98848,2026-06-16,67433.81
PO-0966,Supplier D,Finance,Lab Supplies,73105,2025-09-23,53806.21
PO-0967,Supplier E,Finance,Office Supplies,109617,2026-12-19,68978.15
PO-0968,Supplier F,Facilities,Office Supplies,57281,2025-02-07,37350.96
PO-0969,Supplier G,Clinical,Equipment,34436,2027-02-09,23179.77
PO-0970,Supplier H,Manufacturing,Hardware,22511,2026-12-14,17814.3
PO-0971,Supplier I,Clinical,Equipment,93514,2025-11-11,82863.16
PO-0972,Supplier J,Manufacturing,Office Supplies,131493,2027-06-09,110890.95
PO-0973,Supplier K,IT,Software,43390,2025-01-17,38032.8
PO-0974,Supplier L,Facilities,Equipment,133632,2027-06-22,108314.6
PO-0975,Supplier M,Quality,Lab Supplies,109921,2025-12-07,84500.63
PO-0976,Supplier N,Facilities,Hardware,100258,2026-04-19,96546.44
PO-0977,Supplier O,Finance,Lab Supplies,72541,2025-08-30,54272.91
PO-0978,Supplier P,IT,Hardware,138693,2025-04-19,99097.81
PO-0979,Supplier Q,Quality,Office Supplies,8223,2026-09-02,5971.58
PO-0980,Supplier R,Quality,Software,35537,2026-04-12,27597.2
PO-0981,Supplier S,IT,Lab Supplies,19667,2025-08-25,16937.14
PO-0982,Supplier T,Quality,Consulting,48779,2026-01-26,35237.03
PO-0983,Supplier U,Facilities,Reagents,18989,2027-08-03,15496.51
PO-0984,Supplier V,Manufacturing,Software,26966,2026-12-31,16417.68
PO-0985,Supplier W,Finance,Reagents,92500,2026-12-04,79470.04
PO-0986,Supplier X,Quality,Equipment,85589,2025-06-18,75734.69
PO-0987,Supplier Y,Finance,Office Supplies,33266,2025-08-13,24782.61
PO-0988,Supplier Z,Manufacturing,Software,138395,2025-01-29,107460.96
PO-0989,Supplier A,Quality,Consulting,24923,2027-05-31,20961.23
PO-0990,Supplier B,Manufacturing,Consulting,68911,2026-05-11,58969.08
PO-0991,Supplier C,R&D,Hardware,124526,2026-01-11,84427.17
PO-0992,Supplier D,Clinical,Office Supplies,56565,2025-12-13,53699.13
PO-0993,Supplier E,Manufacturing,Reagents,114140,2026-08-30,110632.9
PO-0994,Supplier F,IT,Office Supplies,129349,2026-06-07,89019.32
PO-0995,Supplier G,Clinical,Consulting,101664,2026-12-23,91949.79
PO-0996,Supplier H,Clinical,Hardware,38449,2025-01-08,24127.79
PO-0997,Supplier I,Clinical,Consulting,92392,2027-02-17,67769.9
PO-0998,Supplier J,Finance,Office Supplies,112422,2026-04-24,89199.1
PO-0999,Supplier K,IT,Software,142380,2025-01-30,126154.79
PO-1000,Supplier L,Facilities,Equipment,53920,2027-03-04,46313.04
